{"K Nearest Neighbours": {"Accuracy": 96.54471544715447, "Precision": 98.56020942408377, "Recall": 97.0360824742268, "F1_score": 97.79220779220779, "confusion_matrix": [[197, 11], [23, 753]]}, "Decision Tree": {"Accuracy": 99.28861788617887, "Precision": 100.0, "Recall": 99.0979381443299, "F1_score": 99.54692556634305, "confusion_matrix": [[208, 0], [7, 769]]}, "Logistic Regression": {"Accuracy": 99.39024390243902, "Precision": 99.74160206718346, "Recall": 99.48453608247422, "F1_score": 99.61290322580645, "confusion_matrix": [[206, 2], [4, 772]]}, "Neural Network": {"Accuracy": 99.1869918699187, "Precision": 99.3573264781491, "Recall": 99.61340206185567, "F1_score": 99.48519948519949, "confusion_matrix": [[203, 5], [3, 773]]}, "Random Forest": {"Accuracy": 99.89837398373984, "Precision": 99.87129987129987, "Recall": 100.0, "F1_score": 99.93560849967804, "confusion_matrix": [[207, 1], [0, 776]]}, "Support Vector Machine": {"Accuracy": 99.28861788617887, "Precision": 99.74126778783958, "Recall": 99.35567010309279, "F1_score": 99.54809554551323, "confusion_matrix": [[206, 2], [5, 771]]}}