{"K Nearest Neighbours": {"accuracy": 96.54471544715447, "precision": 98.56020942408377, "recall": 97.0360824742268, "f1_score": 97.79220779220779}, "Decision Tree": {"accuracy": 99.28861788617887, "precision": 100.0, "recall": 99.0979381443299, "f1_score": 99.54692556634305}, "Logistic Regression": {"accuracy": 99.39024390243902, "precision": 99.74160206718346, "recall": 99.48453608247422, "f1_score": 99.61290322580645}, "Neural Network": {"accuracy": 99.1869918699187, "precision": 99.3573264781491, "recall": 99.61340206185567, "f1_score": 99.48519948519949}}