{"K Nearest Neighbours": {"accuracy": 96.34146341463415, "precision": 97.85522788203752, "recall": 97.33333333333334, "f1_score": 97.59358288770053}, "Decision Tree": {"accuracy": 99.79674796747967, "precision": 100.0, "recall": 99.73333333333333, "f1_score": 99.86648865153538}, "Logistic Regression": {"accuracy": 98.98373983739837, "precision": 99.46524064171123, "recall": 99.2, "f1_score": 99.3324432576769}, "Neural Network": {"accuracy": 98.3739837398374, "precision": 98.6737400530504, "recall": 99.2, "f1_score": 98.93617021276596}}