{"K Nearest Neighbours": {"accuracy": 97.42599742599742, "precision": 98.16993464052287, "recall": 96.65379665379665, "f1_score": 97.4059662775616}, "Decision Tree": {"accuracy": 99.61389961389962, "precision": 99.87063389391979, "recall": 99.35649935649936, "f1_score": 99.61290322580645}, "Logistic Regression": {"accuracy": 99.35649935649936, "precision": 99.61190168175938, "recall": 99.09909909909909, "f1_score": 99.35483870967742}, "Neural Network": {"accuracy": 99.22779922779922, "precision": 99.61089494163424, "recall": 98.84169884169884, "f1_score": 99.2248062015504}}