{"K Nearest Neighbours": {"accuracy": 75.20661157024794, "precision": 71.1003286636198, "recall": 76.93302211442038, "f1_score": 73.59693781902496}, "Decision Tree": {"accuracy": 84.71074380165288, "precision": 86.05833983121225, "recall": 88.8888892522941, "f1_score": 87.19209973060721}, "Logistic Regression": {"accuracy": 85.53719008264463, "precision": 85.32918737416722, "recall": 86.44929163583463, "f1_score": 85.85738254634997}, "Neural Network": {"accuracy": 5.681818181818182, "precision": 1.4204545454545454, "recall": 25.0, "f1_score": 2.6881720430107525}}